filename,minx,miny,maxx,maxy
E_USA_SouthCarolina_NorthCarolina_ref_shoreline.geojson,-81.10107421874999,32.045332838858506,-75.04857914199994,38.46219172306828
NE_USA_Delaware_Maine_ref_shoreline.geojson,-75.78369140625,38.37611542403604,-66.885444,45.62940492064501
SE_USA_Louisiana_Georgia_ref_shoreline.geojson,-88.4619140625,25.085598897064752,-80.03099443399998,32.1570124860701
S_USA_Texas_Louisiana_ref_shoreline.geojson,-97.75944620899998,25.760319754713887,-88.39599609375,30.546299487000056
USA_Alaska_ref_shoreline.geojson,-172.6611328125,52.855864177853974,-131.5283203125,71.38667924000003
W_USA_California_ref_shoreline.geojson,-124.41592646199996,32.39851580247402,-117.0912333662209,42.114523952464246
W_USA_Oregon_Washington_ref_shoreline.geojson,-124.848974,41.82045509614034,-121.93715578299998,49.081062364320736
