minx,miny,maxx,maxy,filename
-124.40626380529385,32.52562528528709,-117.12181864787398,42.0142562348201,CA_USA_transects.geojson
149.494188,-37.756402,153.637952,-24.700715,E_aus_transects.geojson
-97.37953829558066,25.114007152762383,-81.0762183606937,30.400093559902405,Gulf_USA_transects.geojson
-81.4595441524013,25.66592610381299,-75.45661195710646,36.92086214913336,SE_USA_transects.geojson
-75.09644342824538,38.45139849563915,-75.04261464850251,38.81059761277306,usa_southeast_transects_DE.geojson
